{"cameraMode":{"drawMode":0,"name":"Shaded","section":"Shading Mode"},"sceneLighting":false,"audioPlay":false,"sceneViewState":{"m_AlwaysRefresh":false,"showFog":true,"showSkybox":false,"showFlares":true,"showImageEffects":true,"showParticleSystems":true,"showVisualEffectGraphs":true,"m_FxEnabled":true},"in2DMode":false,"pivot":{"x":0.4536166191101074,"y":0.44701051712036135,"z":0.6542682647705078},"rotation":{"x":-0.29771286249160769,"y":0.17679670453071595,"z":-0.056206196546554568,"w":-0.9364573359489441},"size":2.36602520942688,"orthographic":false}